{
  "unlimited-blocks": {
    "name": "Unlimited blocks For Gutenberg",
    "imgUrl": "https://ps.w.org/unlimited-blocks/assets/icon-128x128.png",
    "link": "",
    "init": "unlimited-blocks",
    "proInit":""
  },
  "lead-form-builder": {
    "name": "Lead Form Builder",
    "imgUrl": "https://ps.w.org/lead-form-builder/assets/icon-128x128.png",
    "link": "https://themehunk.com/lead-form-builder/",
    "init": "lead-form-builder",
    "proInit":"lead-form-builder-pro/lead-form-builder-pro"
  },
  
  "wp-popup-builder": {
    "name": "WP Popup Builder",
    "imgUrl": "https://ps.w.org/wp-popup-builder/assets/icon-128x128.png",
    "link": "https://themehunk.com/wp-popup-builder/",
    "init": "wp-popup-builder",
    "proInit":"wp-popup-builder-pro/wp-popup-builder-pro"
  },
  
  "th-advance-product-search": {
    "name": "Th Advance Product Search",
    "imgUrl": "https://ps.w.org/th-advance-product-search/assets/icon-128x128.gif",
    "link": "https://themehunk.com/advance-product-search/",
    "init": "th-advance-product-search",
    "proInit":"th-advance-product-search-pro/th-advance-product-search-pro"
  },
  "th-product-compare": {
    "name": "TH Product Compare",
    "imgUrl": "https://ps.w.org/th-product-compare/assets/icon-128x128.gif",
    "link": "https://themehunk.com/th-product-compare/",
    "init": "th-product-compare",
    "proInit":"th-product-compare-pro/th-product-compare-pro"
  },
  "th-all-in-one-woo-cart": {
    "name": "Th All In One Woo Cart",
    "imgUrl": "https://ps.w.org/th-all-in-one-woo-cart/assets/icon-128x128.png",
    "link": "https://themehunk.com/th-product-compare/",
    "init": "th-all-in-one-woo-cart",
    "proInit":"th-all-in-one-woo-cart-pro/th-all-in-one-woo-cart-pro"
  },
  "th-variation-swatches": {
    "name": "Th Variation Swatches",
    "imgUrl": "https://ps.w.org/th-variation-swatches/assets/icon-128x128.gif",
    "link": "https://themehunk.com/th-variation-swatches/",
    "init": "th-variation-swatches",
    "proInit":"th-variation-swatches-pro/th-variation-swatches-pro"
  }
}