{
	"$schema": "https://schemas.wp.org/trunk/theme.json",
	"version": 2,
	"title": "black Scheme",
	"settings": {
		"appearanceTools": true,
		"color": {
			"duotone": [
				{
					"colors": [
						"#000000",
						"#ffffff"
					],
					"slug": "foreground-and-background",
					"name": "Foreground and background"
				},
				{
					"colors": [
						"#000000",
						"#ffe2c7"
					],
					"slug": "foreground-and-secondary",
					"name": "Foreground and secondary"
				},
				{
					"colors": [
						"#000000",
						"#f6f6f6"
					],
					"slug": "foreground-and-tertiary",
					"name": "Foreground and tertiary"
				},
				{
					"colors": [
						"#32535C",
						"#ffffff"
					],
					"slug": "primary-and-background",
					"name": "Primary and background"
				},
				{
					"colors": [
						"#32535C",
						"#ffe2c7"
					],
					"slug": "primary-and-secondary",
					"name": "Primary and secondary"
				},
				{
					"colors": [
						"#32535C",
						"#f6f6f6"
					],
					"slug": "primary-and-tertiary",
					"name": "Primary and tertiary"
				}
			],
			"gradients": [
				{
					"slug": "vertical-secondary-to-tertiary",
					"gradient": "linear-gradient(to bottom,var(--wp--preset--color--secondary) 0%,var(--wp--preset--color--tertiary) 100%)",
					"name": "Vertical secondary to tertiary"
				},
				{
					"slug": "vertical-secondary-to-background",
					"gradient": "linear-gradient(to bottom,var(--wp--preset--color--secondary) 0%,var(--wp--preset--color--background) 100%)",
					"name": "Vertical secondary to background"
				},
				{
					"slug": "vertical-tertiary-to-background",
					"gradient": "linear-gradient(to bottom,var(--wp--preset--color--tertiary) 0%,var(--wp--preset--color--background) 100%)",
					"name": "Vertical tertiary to background"
				},
				{
					"slug": "diagonal-primary-to-foreground",
					"gradient": "linear-gradient(to bottom right,var(--wp--preset--color--primary) 0%,var(--wp--preset--color--foreground) 100%)",
					"name": "Diagonal primary to foreground"
				},
				{
					"slug": "diagonal-secondary-to-background",
					"gradient": "linear-gradient(to bottom right,var(--wp--preset--color--secondary) 50%,var(--wp--preset--color--background) 50%)",
					"name": "Diagonal secondary to background"
				},
				{
					"slug": "diagonal-background-to-secondary",
					"gradient": "linear-gradient(to bottom right,var(--wp--preset--color--background) 50%,var(--wp--preset--color--secondary) 50%)",
					"name": "Diagonal background to secondary"
				},
				{
					"slug": "diagonal-tertiary-to-background",
					"gradient": "linear-gradient(to bottom right,var(--wp--preset--color--tertiary) 50%,var(--wp--preset--color--background) 50%)",
					"name": "Diagonal tertiary to background"
				},
				{
					"slug": "diagonal-background-to-tertiary",
					"gradient": "linear-gradient(to bottom right,var(--wp--preset--color--background) 50%,var(--wp--preset--color--tertiary) 50%)",
					"name": "Diagonal background to tertiary"
				}
			],
			"palette": [
				{
					"color": "#fff",
					"name": "Foreground",
					"slug": "foreground"
				},
				{
					"color": "#000",
					"name": "Background",
					"slug": "background"
				},
				{
					"color": "#66fcf1",
					"name": "Primary",
					"slug": "primary"
				},
				{
					"color": "#f78550",
					"name": "Secondary",
					"slug": "secondary"
				},
				{
					"color": "#111",
					"name": "Secondary Background",
					"slug": "background-secondary"
				},
				{
					"color": "#B7B7B7",
					"name": "Body Text",
					"slug": "body-text"
				},
				{
					"color": "#10172b",
					"name": "Text Link",
					"slug": "text-link"
				},
				{
					"color": "#47b2ab",
					"name": "Border",
					"slug": "border"
				},
				{
					"color": "#c3d9e7",
					"name": "Tertiary",
					"slug": "tertiary"
				},
				{
					"color": "#03293b",
					"name": "Input Field",
					"slug": "input-field"
				},
				{
					"color": "#777",
					"name": "Boulder",
					"slug": "boulder"
				},
				{
					"color": "#7d6043",
					"name": "coffee",
					"slug": "coffee"
				},
				{
					"color": "#25d6a2",
					"name": "Cyan",
					"slug": "cyan"
				},
				{
					"color": "#1b67cc",
					"name": "Dark Blue",
					"slug": "dark-blue"
				},
				{
					"color": "#30b4da",
					"name": "Sky Blue",
					"slug": "sky-blue"
				},
				{
					"color": "#0fb36c",
					"name": "Dark Green",
					"slug": "dark-green"
				},
				{
					"color": "#6ba518",
					"name": "Lite Green",
					"slug": "lite-green"
				},
				{
					"color": "#c74a73",
					"name": "Purple",
					"slug": "purple"
				},
				{
					"color": "#9261c6",
					"name": "Dark Purple",
					"slug": "dark-purple"
				},
				{
					"color": "#f78550",
					"name": "Orange",
					"slug": "orange"
				},
				{
					"color": "#f9556d",
					"name": "Lite Red",
					"slug": "lite-red"
				},
				{
					"color": "#27808c",
					"name": "Hexadecimal",
					"slug": "hexadecimal"
				},
				{
					"color": "#ff6b98",
					"name": "Pink",
					"slug": "pink"
				}
			]
		},
		"custom": {
			"spacing": {
				"small": "max(1.25rem, 5vw)",
				"medium": "clamp(2rem, 8vw, calc(4 * var(--wp--style--block-gap)))",
				"large": "clamp(4rem, 10vw, 8rem)"
			},
			"typography": {
				"font-size": {
					"heading-one": "clamp(36px,3vw,45px)",
					"heading-two": "clamp(28px,2.6vw,32px)",
					"heading-three": "clamp(20px,1.9vw,22px)",
					"heading-four": "clamp(18px,1.5vw,20px)",
					"heading-five": "clamp(22px,1.3vw,18px)",
					"heading-six": "16px"
				},
				"line-height": {
					"heading-one": "1.38",
					"heading-two": "1.43",
					"heading-three": "1.36",
					"heading-four": "1.5",
					"heading-five": "1.458333333333333",
					"heading-six": "1.56",
					"paragraph": "1.75",
					"extra-small": "21px",
					"small": "28px",
					"normal": "normal"
				},
				"font-weight": {
					"light": 300,
					"normal": 400,
					"medium": 500,
					"semi-bold": 600,
					"bold": 700,
					"extra-bold": 900
				}
			},
			"gap": {
				"baseline": "15px",
				"horizontal": "min(30px, 5vw)",
				"vertical": "min(30px, 5vw)"
			}
		},
		"spacing": {
			"units": [
				"%",
				"px",
				"em",
				"rem",
				"vh",
				"vw"
			]
		},
		"typography": {
			"dropCap": false,
			"fontFamilies": [
				{
					"fontFamily": "-apple-system,BlinkMacSystemFont,\"Segoe UI\",Roboto,Oxygen-Sans,Ubuntu,Cantarell,\"Helvetica Neue\",sans-serif",
					"name": "System Font",
					"slug": "system"
				},
				{
					"fontFamily": "'Poppins', sans-serif",
					"name": "Poppins Sans Serif",
					"slug": "poppins"
				},
				{
					"fontFamily": "'Sen', sans-serif",
					"name": "Sen Sans Serif",
					"slug": "sen"
				}
			],
			"fontSizes": [
				{
					"name": "Small",
					"size": "1rem",
					"slug": "small"
				},
				{
					"name": "Section Title",
					"size": "clamp(25px,3vw,45px)",
					"slug": "slider-title"
				},
				{
					"name": "Normal",
					"size": "1.1rem",
					"slug": "normal"
				},
				{
					"name": "Medium",
					"size": "1.75rem",
					"slug": "medium"
				},
				{
					"name": "Large",
					"size": "clamp(1.75rem, 3vw, 2.375rem)",
					"slug": "large"
				},
				{
					"name": "Huge",
					"size": "clamp(2.5rem, 4vw, 3rem)",
					"slug": "huge"
				},
				{
					"name": "Gigantic",
					"size": "clamp(3rem, 6vw, 4rem)",
					"slug": "gigantic"
				},
				{
					"name": "Colossal",
					"size": "clamp(4rem, 8vw, 6.25rem)",
					"slug": "colossal"
				}
			]
		},
		"layout": {
			"contentSize": "750px",
			"wideSize": "1300px"
		}
	}
}