{
    "version": 2,
    "settings": {
        "appearanceTools": true,
        "useRootPaddingAwareAlignments": true,
        "layout": {
            "contentSize": "850px",
            "wideSize": "1169px"
        },
        "typography": {
            "fluid": true,
            "fontSizes": [
                {
                    "fluid": false,
                    "slug": "tiny",
                    "size": "0.8125rem",
                    "name": "Tiny"
                },
                {
                    "fluid": false,
                    "slug": "extra-small",
                    "size": "0.875rem",
                    "name": "Extra Small"
                },
                {
                    "fluid": false,
                    "slug": "small",
                    "size": "0.9375rem",
                    "name": "Small"
                },
                {
                    "slug": "normal",
                    "size": "1.125rem",
                    "fluid": {
                        "min": "1.0625rem",
                        "max": "1.125rem"
                    },
                    "name": "Normal"
                },
                {
                    "slug": "large",
                    "size": "1.25rem",
                    "fluid": {
                        "min": "1.15625rem",
                        "max": "1.25rem"
                    },
                    "name": "Large"
                },
                {
                    "slug": "medium-large",
                    "size": "3.125rem",
                    "fluid": {
                        "min": "2.25rem",
                        "max": "3.125rem"
                    },
                    "name": "Medium Large"
                },
                {
                    "slug": "extra-large",
                    "size": "4.125rem",
                    "fluid": {
                        "min": "2.625rem",
                        "max": "4.125rem"
                    },
                    "name": "Extra large"
                },
                {
                    "slug": "huge",
                    "size": "5rem",
                    "fluid": {
                        "min": "3.125rem",
                        "max": "5rem"
                    },
                    "name": "Huge"
                }
            ],
            "fontFamilies": [
                {
                    "fontFamily": "-apple-system,BlinkMacSystemFont,\"Segoe UI\",Roboto,Oxygen-Sans,Ubuntu,Cantarell,\"Helvetica Neue\",sans-serif",
                    "name": "System Font",
                    "slug": "system-font"
                },
                {
                    "fontFamily": "\"Bitter\", sans-serif",
                    "name": "Bitter Font",
                    "slug": "bitter-font",
                    "fontFace": [
                        {
                            "fontFamily": "Bitter",
                            "fontWeight": "100 900",
                            "fontStyle": "normal",
                            "fontStretch": "normal",
                            "src": [
                                "file:./assets/fonts/bitter/bitter-variable-font-wght.ttf"
                            ]
                        },
						{
                            "fontFamily": "Bitter",
                            "fontWeight": "100 900",
                            "fontStyle": "italic",
                            "fontStretch": "normal",
                            "src": [
                                "file:./assets/fonts/bitter/bitter-italic-variable-font-wght.ttf"
                            ]
						}
                    ]
                },
                {
                    "fontFamily": "\"Inter\", sans-serif",
                    "name": "Inter Font",
                    "slug": "inter-font",
                    "fontFace": [
                        {
                            "fontFamily": "Inter",
                            "fontWeight": "100 900",
                            "fontStyle": "normal",
                            "fontStretch": "normal",
                            "src": [
                                "file:./assets/fonts/inter/inter-variable-font-wght.ttf"
                            ]
                        }
                    ]
                },
                {
                    "fontFamily": "\"Manrope\", sans-serif",
                    "name": "Manrope Font",
                    "slug": "manrope-font",
                    "fontFace": [
                        {
                            "fontFamily": "Manrope",
                            "fontWeight": "200 800",
                            "fontStyle": "normal",
                            "fontStretch": "normal",
                            "src": [
                                "file:./assets/fonts/manrope/manrope-variable-font-wght.ttf"
                            ]
                        }
                    ]
                },
                {
                    "fontFamily": "\"Nunito\", sans-serif",
                    "name": "Nunito Font",
                    "slug": "nunito-font",
                    "fontFace": [
                        {
                            "fontFamily": "Nunito",
                            "fontWeight": "200 900",
                            "fontStyle": "normal",
                            "fontStretch": "normal",
                            "src": [
                                "file:./assets/fonts/nunito/nunito-variable-font-wght.ttf"
                            ]
                        },
						{
                            "fontFamily": "Nunito",
                            "fontWeight": "200 900",
                            "fontStyle": "italic",
                            "fontStretch": "normal",
                            "src": [
                                "file:./assets/fonts/nunito/nunito-italic-variable-font-wght.ttf"
                            ]
						}
                    ]
                },
                {
                    "fontFamily": "\"Outfit\", sans-serif",
                    "name": "Outfit Font",
                    "slug": "outfit-font",
                    "fontFace": [
                        {
                            "fontFamily": "Outfit",
                            "fontWeight": "100 900",
                            "fontStyle": "normal",
                            "fontStretch": "normal",
                            "src": [
                                "file:./assets/fonts/outfit/outfit-variable-font-wght.ttf"
                            ]
                        }
                    ]
                },
                {
                    "fontFamily": "\"Open Sans\", sans-serif",
                    "name": "Open Sans Font",
                    "slug": "opensans-font",
                    "fontFace": [
                        {
                            "fontFamily": "Open Sans",
                            "fontWeight": "300 800",
                            "fontStyle": "normal",
                            "fontStretch": "normal",
                            "src": [
                                "file:./assets/fonts/open-sans/opensans-variable-font-wght.ttf"
                            ]
                        },
						{
                            "fontFamily": "Open Sans",
                            "fontWeight": "300 800",
                            "fontStyle": "italic",
                            "fontStretch": "normal",
                            "src": [
                                "file:./assets/fonts/open-sans/opensans-italic-variable-font-wght.ttf"
                            ]
						}
                    ]
                },
                {
                    "fontFamily": "\"Playfair Display\", sans-serif",
                    "name": "Playfair Display Font",
                    "slug": "playfairdisplay-font",
                    "fontFace": [
                        {
                            "fontFamily": "Playfair Display",
                            "fontWeight": "400 900",
                            "fontStyle": "normal",
                            "fontStretch": "normal",
                            "src": [
                                "file:./assets/fonts/playfair-display/playfairdisplay-variable-font-wght.ttf"
                            ]
                        },
						{
                            "fontFamily": "Playfair Display",
                            "fontWeight": "400 900",
                            "fontStyle": "italic",
                            "fontStretch": "normal",
                            "src": [
                                "file:./assets/fonts/playfair-display/playfairdisplay-italic-variable-font-wght.ttf"
                            ]
						}
                    ]
                },
                {
                    "fontFamily": "\"Plus Jakarta Sans\", sans-serif",
                    "name": "Plus Jakarta Sans",
                    "slug": "plusjakartasans-font",
                    "fontFace": [
                        {
                            "fontFamily": "Plus Jakarta Sans",
                            "fontWeight": "200 800",
                            "fontStyle": "normal",
                            "fontStretch": "normal",
                            "src": [
                                "file:./assets/fonts/plus-jakarta-sans/plusjakartasans-variable-font-wght.ttf"
                            ]
                        },
						{
                            "fontFamily": "Plus Jakarta Sans",
                            "fontWeight": "200 800",
                            "fontStyle": "italic",
                            "fontStretch": "normal",
                            "src": [
                                "file:./assets/fonts/plus-jakarta-sans/plusjakartasans-italic-variable-font-wght.ttf"
                            ]
						}
                    ]
                },
                {
                    "fontFamily": "\"Roboto Slab\", sans-serif",
                    "name": "Roboto Slab Font",
                    "slug": "robotoslab-font",
                    "fontFace": [
                        {
                            "fontFamily": "Roboto Slab",
                            "fontWeight": "100 900",
                            "fontStyle": "normal",
                            "fontStretch": "normal",
                            "src": [
                                "file:./assets/fonts/roboto-slab/robotoslab-variable-font-wght.ttf"
                            ]
                        }
                    ]
                },
                {
                    "fontFamily": "\"Urbanist\", sans-serif",
                    "name": "Urbanist Font",
                    "slug": "urbanist-font",
                    "fontFace": [
                        {
                            "fontFamily": "Urbanist",
                            "fontWeight": "100 900",
                            "fontStyle": "normal",
                            "fontStretch": "normal",
                            "src": [
                                "file:./assets/fonts/urbanist/urbanist-variable-font-wght.ttf"
                            ]
                        },
						{
                            "fontFamily": "Urbanist",
                            "fontWeight": "100 900",
                            "fontStyle": "italic",
                            "fontStretch": "normal",
                            "src": [
                                "file:./assets/fonts/urbanist/urbanist-italic-variable-font-wght.ttf"
                            ]
						}
                    ]
                }
            ]
        },
        "color": {
            "gradients": [
				{
					"slug": "vertical-quaternary-to-background",
					"gradient": "linear-gradient(180deg, var(--wp--preset--color--quaternary) 75%, var(--wp--preset--color--background) 25%)",
					"name": "Vertical quaternary to background"
				},
				{
					"slug": "vertical-senary-to-background",
					"gradient": "linear-gradient(180deg, var(--wp--preset--color--senary) 75%, var(--wp--preset--color--background) 25%)",
					"name": "Vertical senary to background"
				}
			],
            "palette": [
                {
                    "slug": "background",
                    "color": "#FFFFFF",
                    "name": "Background"
                },
                {
                    "slug": "primary",
                    "color": "#0DA88C",
                    "name": "Primary"
                },
                {
                    "slug": "secondary",
                    "color": "#21222F",
                    "name": "Secondary"
                },
                {
                    "slug": "tertiary",
                    "color": "#484952",
                    "name": "Tertiary"
                },
                {
                    "slug": "quaternary",
                    "color": "#E2F2EF",
                    "name": "Quaternary"
                },
                {
                    "slug": "quinary",
                    "color": "#F6B642",
                    "name": "Quinary"
                },
                {
                    "slug": "senary",
                    "color": "#015D61",
                    "name": "Senary"
                }
            ],
            "duotone": [
				{
					"colors": [
                        "#0DA88C",
                        "#0DA88C"
                    ],
                    "slug": "foreground-and-primary",
                    "name": "Foreground and primary"
				}
			]
        },
        "spacing": {
            "spacingSizes": [
                {
                    "slug": "small",
                    "size": "clamp(1.25rem, 1.25rem + ((1vw - 0.48rem) * 2.404), 2.5rem)",
                    "name": "Small"
                },
                {
                    "slug": "normal",
                    "size": "clamp(2rem, 2rem + ((1vw - 0.48rem) * 3.846), 4rem)",
                    "name": "Normal"
                },
                {
                    "slug": "medium",
                    "size": "clamp(5.5rem, 5.5rem + ((1vw - 0.48rem) * 3.846), 7.5rem)",
                    "name": "Medium"
                },
                {
                    "slug": "large",
                    "size": "clamp(6.25rem, 6.25rem + ((1vw - 0.48rem) * 12.019), 12.5rem)",
                    "name": "Large"
                },
                {
                    "slug": "extra-large",
                    "size": "clamp(7.8125rem, 7.8125rem + ((1vw - 0.48rem) * 15.024), 15.625rem)",
                    "name": "Extra large"
                },
                {
                    "slug": "huge",
                    "size": "clamp(9.375rem, 9.375rem + ((1vw - 0.48rem) * 18.029), 18.75rem)",
                    "name": "Huge"
                },
                {
                    "slug": "giant",
                    "size": "clamp(15.625rem, 15.625rem + ((1vw - 0.48rem) * 30.048), 31.25rem)",
                    "name": "Giant"
                }
            ]
        },
        "custom": {
            "spacing": {
                "small": "1.25rem",
                "normal": "3.125rem",
                "medium": "clamp(2rem, 8vw,6.25rem)",
                "medium-large": "clamp(3.125rem, 12vw,9.375rem)",
                "large": "clamp(6.25rem, 16vw,12.5rem)",
                "single-post-feature-img-cover-minheight":"clamp(20rem, 20rem + ((1vw - 0.48rem) * 38.462), 40rem)",
                "single-post-cover-feature-img-border": "clamp(0.875rem, 0.875rem + ((1vw - 0.48rem) * 2.644), 2.25rem)",
                "btny":"1.25rem",
                "btnx":"1.625rem"
            },
            "typography": {
                "font-size": {
                    "hsix": "1.125rem",
                    "p": "1rem",
                    "btn": "1rem",
                    "post-title": "1.8125rem",
                    "single-post-title": "clamp(2.5rem, 2.5rem + ((1vw - 0.48rem) * 4.567), 4.875rem)",
                    "navigation":"1.0625rem"
                },
                "line-height": {
                    "post-title": "1.6",
                    "single-post-title": "1.2",
                    "navigation":"1.24",
                    "tiny":"1.7",
                    "extra-small":"1.7",
                    "small": "1.73",
                    "normal":"1.9",
                    "large":"1.9",
                    "medium-large":"1.4",
                    "extra-large":"1.3",
                    "huge":"1.2",
                    "button":"1"
                },
                "font-weight": {
                    "normal": 400,
                    "medium": 500,
                    "semi-bold": 600,
                    "bold": 700,
                    "heading":500,
                    "button":500,
                    "huge":600
                },
                "font-family": {
                    "primary": "var(--wp--preset--font-family--outfit-font)",
                    "secondary": "var(--wp--preset--font-family--inter-font)"
                }
            },
            "color": {
                "navigation-text":"var(--wp--preset--color--secondary)",
                "navigation-link-hover":"var(--wp--preset--color--primary)"
            }
        }
    },
    "styles": {
        "elements": {
            "button": {
                ":hover": {
                    "shadow": "inset 0 0 0 100px rgba(0,0,0,.1)"
                },
                "typography": {
                    "textDecoration": "none"
                }
            },
            "caption": {
                "color": {
                    "text": "var(--wp--preset--color--secondary,#21222F)"
                },
                "typography": {
                    "fontSize": "var(--wp--preset--font-size--small,0.9375rem)",
                    "lineHeight": "var(--wp--custom--typography--line-height--small)"
                }
            },
            "link": {
				"color": {
                    "text": "inherit"
                },
                "typography": {
					"textDecoration": "underline"
				},
				":hover": {
                    "color": {
                        "text": "var(--wp--preset--color--primary)"
                    },
					"typography": {
						"textDecoration": "none"
					}
				}
			},
            "h1": {
                "typography": {
                    "fontSize": "clamp(2.25rem, 2.25rem + ((1vw - 0.48rem) * 1.683), 3.125rem)",
                    "lineHeight": "1.4"
                }
            },
            "h2": {
                "typography": {
                    "fontSize": "clamp(1.9375rem, 1.9375rem + ((1vw - 0.48rem) * 1.563), 2.75rem)",
                    "lineHeight": "1.4"
                }
            },
            "h3": {
                "typography": {
                    "fontSize": "clamp(1.6875rem, 1.6875rem + ((1vw - 0.48rem) * 1.082), 2.25rem)",
                    "lineHeight": "1.4"
                }
            },
            "h4": {
                "typography": {
                    "fontSize": "clamp(1.5rem, 1.5rem + ((1vw - 0.48rem) * 0.24), 1.625rem)",
                    "lineHeight": "1.46"
                }
            },
            "h5": {
                "typography": {
                    "fontSize": "clamp(1.3125rem, 1.3125rem + ((1vw - 0.48rem) * 0.12), 1.375rem)",
                    "lineHeight": "1.45"
                }
            },
            "h6": {
                "typography": {
                    "fontSize": "var(--wp--custom--typography--font-size--hsix)",
                    "lineHeight": "1.44"
                }
            }
        },
        "blocks": {
            "core/cover": {
                "spacing": {
                    "padding": {
                        "top": "1.25rem",
                        "bottom": "1.25rem",
                        "left": "1.25rem",
                        "right": "1.25rem"
                    }
                }
            },
            "core/quote": {
                "border": {
                    "width": "0 0 0 4px",
                    "color": "var(--wp--preset--color--primary)"
                },
                "typography": {
                    "fontFamily": "var(--wp--custom--typography--font-family--secondary)",
                    "fontWeight": "light"
                }
            },
            "core/button": {
                "border": {
                    "radius": "0"
                },
                "color": {
                    "background": "var(--wp--preset--color--primary)",
                    "text": "var(--wp--preset--color--background)"
                },
                "typography": {
                    "fontSize": "var(--wp--custom--typography--font-size--btn)",
                    "fontFamily": "var(--wp--custom--typography--font-family--primary)",
                    "lineHeight": "var(--wp--custom--typography--line-height--button)",
                    "fontWeight": "var(--wp--custom--typography--font-weight--button)",
                    "textDecoration": "none"
                },
                "spacing": {
                    "padding": {
                        "top": "var(--wp--custom--spacing--btny)",
                        "bottom": "var(--wp--custom--spacing--btny)",
                        "left": "var(--wp--custom--spacing--btnx)",
                        "right": "var(--wp--custom--spacing--btnx)"
                    }
                }
            },
            "core/navigation": {
                "color": {
                    "text": "var(--wp--custom--color--navigation-text)"
                },
				"elements": {
					"link": {
						":hover": {
                            "color": {
                                "text": "var(--wp--custom--color--navigation-link-hover)"
                            }
						},
						":focus": {
							 "color": {
                                "text": "var(--wp--custom--color--navigation-link-hover)"
                            }
						}
					}
				},
				"typography": {
                    "fontSize": "var(--wp--custom--typography--font-size--navigation)",
                    "lineHeight": "var(--wp--custom--typography--line-height--navigation)",
                    "fontFamily": "var(--wp--custom--typography--font-family--primary)",
                    "fontWeight": "var(--wp--custom--typography--font-weight--heading)",
                    "textDecoration": "none"
                },
                "spacing":{
                    "blockGap":"clamp(2rem, 2rem + ((1vw - 0.48rem) * 3.846), 4rem)"
                }
			},
            "core/site-title": {
                "color": {
                    "text": "var(--wp--preset--color--secondary)"
                },
                "typography": {
                    "fontSize": "var(--wp--custom--typography--font-size--hthree)",
                    "fontFamily": "var(--wp--custom--typography--font-family--primary)",
                    "lineHeight": "var(--wp--custom--typography--line-height--hthree)",
                    "fontWeight": "var(--wp--custom--typography--font-weight--semi-bold)"
                }
            },
            "core/heading": {
                "color": {
                    "text": "var(--wp--preset--color--secondary)"
                },
                "typography": {
                    "fontFamily": "var(--wp--custom--typography--font-family--primary)",
                    "fontWeight": "var(--wp--custom--typography--font-weight--heading)",
                    "letterSpacing": "-0.01em"
                }
            },
            "core/post-terms": {
                "color": {
                    "text": "var(--wp--preset--color--secondary)"
                },
                "typography": {
                    "fontSize": "var(--wp--preset--font-size--extra-small, 14px )",
                    "fontFamily": "var(--wp--custom--typography--font-family--secondary)",
                    "lineHeight": "2",
                    "fontWeight": "500"
                },
                "elements": {
					"link": {
						"typography": {
                            "textDecoration": "none"
						}
					}
				}
            },
            "core/post-title": {
                "color": {
                    "text": "var(--wp--preset--color--secondary)"
                },
                "typography": {
                    "fontSize": "var(--wp--custom--typography--font-size--single-post-title)",
                    "lineHeight": "var(--wp--custom--typography--line-height--single-post-title)",
                    "fontWeight": "var(--wp--custom--typography--font-weight--medium)",
                    "fontFamily": "var(--wp--custom--typography--font-family--primary)"
                }
            },
            "core/query": {
                "elements": {
                    "h2": {
                        "color": {
                            "text": "var(--wp--preset--color--secondary)"
                        },
                        "typography": {
                            "fontSize": "var(--wp--custom--typography--font-size--post-title)",
                            "lineHeight": "var(--wp--custom--typography--line-height--post-title)",
                            "fontWeight": "var(--wp--custom--typography--font-weight--semi-bold)",
                            "fontFamily": "var(--wp--custom--typography--font-family--primary)"
                        }
                    }
                }
            },
            "core/query-pagination": {
				"color": {
                    "text": "var(--wp--preset--color--secondary)"
                },
                "typography": {
                    "fontSize": "var(--wp--preset--font-size--small,0.9375rem)",
                    "fontFamily": "var(--wp--custom--typography--font-family--primary)",
                    "lineHeight": "1.27",
                    "fontWeight": "500",
                    "letterSpacing":"-0.01em"
                },
				"elements": {
					"link": {
						"typography": {
							"textDecoration": "none"
						}
					}
				}
			},
            "core/post-author": {
                "color": {
                    "text": "var(--wp--preset--color--secondary)"
                },
                "typography": {
                    "fontSize": "var(--wp--preset--font-size--small,0.9375rem)",
                    "fontFamily": "var(--wp--custom--typography--font-family--secondary)",
                    "lineHeight": "1.9",
                    "fontWeight": "var(--wp--custom--typography--font-weight--normal)"
                }
            },
            "core/post-date": {
                "color": {
                    "text": "var(--wp--preset--color--secondary)"
                },
                "typography": {
                    "fontSize": "var(--wp--preset--font-size--small,0.9375rem)",
                    "fontFamily": "var(--wp--custom--typography--font-family--primary)",
                    "lineHeight": "1.27",
                    "fontWeight": "500",
                    "letterSpacing":"-0.01em"
                }
            },
            "core/post-comments": {
                "color": {
                    "text": "var(--wp--preset--color--secondary)"
                },
                "typography": {
                    "fontSize": "var(--wp--preset--typography--font-size--small)",
                    "fontFamily": "var(--wp--custom--typography--font-family--secondary)",
                    "lineHeight": "var(--wp--custom--typography--line-height--small)",
                    "fontWeight": "var(--wp--custom--typography--font-weight--normal)"
                }
            },
            "core/post-excerpt": {
				"typography": {
                    "fontFamily": "var(--wp--custom--typography--font-family--secondary)",
					"fontSize": "var(--wp--preset--font-size--large)",
                    "lineHeight": "var(--wp--custom--typography--line-height--large)",
                    "fontWeight": "var(--wp--custom--typography--font-weight--normal)",
                    "letterSpacing":"-0.01em"
				},
				"elements": {
					"link": {
                        "color": {
                            "text": "var(--wp--preset--color--secondary)"
                        },
						"typography": {
                            "fontFamily": "var(--wp--custom--typography--font-family--primary)",
							"fontSize": "var(--wp--custom--typography--font-size--p)",
                            "lineHeight": "1.4",
                            "fontWeight": "var(--wp--custom--typography--font-weight--semi-bold)"
						},
						":hover": {
							"typography": {
								"textDecoration": "none"
							}
						}
					}
				}
			}
        },
        "spacing": {
            "blockGap": "1.5rem",
            "padding": {
                "top": "0rem",
                "bottom": "0rem",
                "left": "var(--wp--custom--spacing--small)",
                "right": "var(--wp--custom--spacing--small)"
            }
        },
        "color": {
            "background": "var(--wp--preset--color--background)",
            "text": "var(--wp--preset--color--tertiary)"
        },
        "typography": {
            "fluid": false,
            "fontFamily": "var(--wp--custom--typography--font-family--secondary)",
            "lineHeight": "1.875",
            "fontSize": "var(--wp--custom--typography--font-size--p)"
        }
    },
    "templateParts": [
        {
            "name": "header",
            "title": "Header",
            "area": "header"
        },
        {
            "name": "header-for-dark-bg",
            "title": "Header with logo, menu and button for dark background",
            "area": "header"
        },
        {
            "name": "footer",
            "title": "Footer",
            "area": "footer"
        },
        {
            "name": "footer-four-column",
            "title": "Footer (4 Columns)",
            "area": "footer"
        }
    ],
    "customTemplates": [
        {
            "name": "blank",
            "title": "Blank",
            "postTypes": [
                "page",
                "post"
            ]
        },
        {
            "name": "single-with-nav-comment",
            "title": "Single Post with comments",
            "postTypes": [
                "post"
            ]
        },
        {
            "name": "single-with-sidebar",
            "title": "Single Post (with sidebar)",
            "postTypes": [
                "post"
            ]
        }
    ]
}